id,name,screen_name
46825221,jimgoetz,jim goetz
1945542410,moritzKBE,Michael
18419094,NSBE,NSBE
480843442,KaporCapital,Kapor Capital
3254857712,devcolororg,/dev/color
15010324,makinde,Makinde Adeagbo
1085,niall,Niall Kennedy
216394353,Bluejeans2012,Johnny Bluejeans
37098500,eeeemartin,Eric Martin
42894692,yonatankelib,Yonatan Kelib
14253109,adambain,adam bain
168970631,ScooterTaylor,Scooter Taylor
1416515108,womenceosrock,SupportWomenStartups
58614849,jackpres,Jack Preston
2812100222,DigiGOODtimes,Digital GoodTimes
552256998,JuliusBryant,Julius Bryant
69642146,ipollock,IAN POLLOCK
558799779,WorkReadyGrad,WorkReadyGrad!
15034738,jbrath,Jeff JB Brathwaite
41748555,CaritaMarr,Carita M 
936959738,kharpersays,Katelyn Harper
897638310,lesleyadeyemi,Yemi Adewunmi
3089338234,MktTechBus,Elania J. Hudson
7097602,ArlanWasHere,Arlan
64662421,lajuanda_marie,Lajuanda Asemota
14291607,pnedyalkov,Petar Nedyalkov
42998260,FeliciaMDavis,Felicia Davis
96204791,candyVmitchell,Candace V. Mitchell
35661176,MatterFact923,Matt Poole
48008960,evanmrose,Evan M. Rose
204977831,RisseScineaux,Sharisse Scineaux
216119475,stjames2014,Ramon Dourado Jr.
3371074018,jdevillasee,Janay D
98816315,GTjumperzo,Alphonso Jordan
18206161,tristanwalker,tristan walker
15034093,optimusprimus,Guy Primus
159315527,jewelmelanie,Jewel Burks
1238511691,AfricaAngels,AfricaAngelsNetwork
29538715,denmark313,denmark west
481647429,CODE2040,CODE2040
28219278,laurawp,Laura Weidman Powers
382917402,vivienneqie,vivienne
2252852442,JPBalencia,Jesse Valencia
1533855847,aicirstea,Andreea Cirstea
7770962,hankwilliams,Hank Williams
1209273421,PlatformOrg,Platform.org
297102985,venikunche,Veni Kunche
270553148,miashack,mia shackelford
2612565050,SparkProgramSF,Spark Bay Area
26130694,SparkProgram,Spark
80763357,NathanParcells,Nathan Parcells
53485368,Looksharp,Looksharp
162811367,jackieali_3,Jacqueline Ali
3728505614,reigningit,reigningit
2916305152,Snowden,Edward Snowden
177013502,soysean,Sean McClain
129392313,miatumutch,Mia Tu Mutch Satya
37370427,CJ_QUINTANA,Claudio Quintana
22938914,stevewoz,Steve Wozniak
338604482,TwitterOpen,TwitterOpen
539605962,outforundergrad,Out For Undergrad
15459505,anirina,anirina
43203797,anjarae,Anjarae Washington
3314107916,erikbourget,Erik Bourget
858358638,SqSupportCa,Square Support
2744030696,janaiahlund,Janaiah Lundblade
155967160,DoRayMo,Tyler Doremus
134537810,jimmie_nelson,Jimmy Nelson
275621811,morganapp,Morgan
157647537,springercuse1,john springer
18207493,JeffWMontague,JeffWMontague
15237734,lifeinafolder,Rajat
5281701,ambivalence,Yu-Shan Fung
8741792,saumil,Saumil Mehta
69964196,Mszjackiechu,Jackie Chu
15305211,domyap,Dom Yap
2714151,zellyn,Zellyn Hunter
38150174,moshezadka,Moshe Zadka
25165779,meganvanwaus,Megan VanWaus
2065901,mcpherrinm,Matt McPherrin
34013386,DavidElgena,David Elgena
10364602,collinrm,Collin Mulliner 
2990481618,PriasPoetHouse,Pria-Jae Tushae
1576965534,zzh8829,Zihao Zhang
21842757,rck109d,Martin
17665022,knster,Kae Yen Wong
17796584,joshkalpin,Joshua Kalpin
149323476,joeyloi,Joey Loi
234096669,EdieRoseCamp,Edie Campbell
33043915,aarmstrong128,Aaron Armstrong
282187828,paulbickleys,Paul Bickley
240251140,geodraper,Chris Draper
94861313,scottragle,Scott Ragle
2259372500,JE_BayArea,Jeanette Ercila
82787303,erinarchuleta,Erin Archuleta
344993396,CorinQi,Corin Qi
347008744,rothakur,Rohan
3195448849,Dr__Schnuggles,Liam Widman
309211153,alexbehrman,Alex Behrman
554677439,Seattle_Rod,Rod West
21964281,ryandailey,Ryan Thomson
2792456534,AstroMorag,Morag S
371458579,karilovessf,Kari Eliza Hill
46833,fiveinchpixie,pixie
34653835,queohsi,Kevin O'Connell
422284930,Strongolopolis,Alec Strong
15375616,rileycrane,rileycrane
278788930,Raza_Jafri,Raza Jafri
48970484,rakinazata,Rakina Zata A.
46049912,jrodbx,John Rodriguez
26313903,guttmandanielle,danielle guttman
23562477,_Smooth,Bob Mandanas
2955467029,jeanyk_,Jeany
18100800,asinghz,Amarpreet Singh
14563623,dhanji,Dhanji R. Prasanna
374970741,effyyzhang,Effy Zhang
916247083,EzzeriEsa,Ezzeri Esa
1240222082,marygliu,Mary Liu
110568102,catykobe,Caty Kobe
795749,terrilldent,Terrill Dent
71287207,NoahBatterson,Noah
14911145,worldwise001,Sarah Harvey
30055002,brophyK,Kristen Brophy
16249404,snorider156,snorider156
15444231,cyeoh6,Chris Yeoh
108685088,criechers,Christina Riechers
19115131,lukaszx0,ukasz Strzakowski
1242189386,camillemcinnis,Camille McInnis
21689525,Genevievelee,Genevieve Howell
325031245,natemodi,Nathaniel Emodi
41207463,nojtweets,Manoj Dayaram
532801512,J_Mac215,Jodi MacLean
14436716,hammerdr,Derek Hammer
1578468901,chanelleypoop,Chanel Mendoza
373040246,nineohtoo,benjamin
56023562,ro0oxana,Roxana Golshan
3092118905,OviBota,Ovi Bota
2162179140,noushinre,noushin rezaei
2588659218,SharifiK,Kamran Sharifi
6448,afshin,afshin
116499739,adas2k,Aby Das
787258,mrcstvn,Marc Hernandez
413407405,jaredjenkins,jared jenkins
14814054,amanik,Aman Manik
37696331,joshmateo,Josh Mateo
27360273,Jberns22,Jason Bernick
334271876,coopiscoffee,Christine Cooper
730537208,joshmcnicol,Joshua McNicol
47827737,melicioushoney,Melissa Dagdagan
66260782,Suziecups,Suzanne LaFleur
16919021,SeventyMeters,Tom
44098492,mirceamarkus,Mircea Markus
22884119,JohnHedge,John Kelley
11495932,amschrader,Allie Schrader
2349084692,Wojball,Wojtek Peliks
454826421,elizabethage,elizabeth age
63257701,slowcrash,c double
286247494,ChloeLeeStokes,efemmeral
6063842,alexgorbatchev,Alex Gorbatchev
137828269,joyofhenna,Sowmya Ranganathan
246171977,nicktrav,Nick Travers
274028051,bryan_krause,Bryan Krause
2281506907,GeoffWeCan,Geoff Bachrodt
48992320,peterhude,Peter Hude
240464991,nic_mau,Nicole Maulino
44243470,antonhanebrink,Anton Hanebrink
499561951,samshaw_IX,Sam Shaw
77460846,rubenreynoso,Ruben Reynoso
6348882,noamsml,Noam Samuel
42714277,Mizago,Mike Zagorsek
64010070,joshberickson,Josh Erickson
738202765,mad_forbes,Madeleine Forbes
14979913,shawnwelch,Shawn Welch
1196721,amidoingokay,Vanessa 
362596789,carteraronson,Carter Aronson
38749905,ndyhunt,Andy Hunt
19445438,oliwilks,Oliver Wilkie
28988178,noellekmcentee,Noelle McEntee
1487079937,JCLthree,James Lintern
323588049,NatalieBirren,Natalie Birren
227405589,abarraza87,Andrs Barraza
1084240825,monstervolk,Monica Volk
16208588,gatesseanm,Sean M. Gates
2211755527,rogerkirwin,Roger Kirwin
40329411,drebaglioni,andrea baglioni
19076748,matthgt,Matthias Reichenbach
452790438,m_w_epstein,Michael Epstein 
457926484,b4wolfe,ben
181898193,rhgills,Robert Gilliam
101402568,kthrnng,Katherine Ng
278349531,drainmice,Jed Parsons
798964256,imtherealsixgod,Jackson Owens
1059206628,runfercover,runfercover
310356495,etanz,Etan Zapinsky
20728344,dgalling,Davis Gallinghouse
15551187,vincexcao,Vince Cao
582137180,ShawnTsao,Shawn Tsao
94440445,kzorz,Keith Posehn
21065243,trufflefrites,Jessica
28043183,jwang815,Jason Wang
2469697741,theWattiker,E. Wattiker
337894876,jadedstoneb,Jade Batstone
2849235218,sarah_at_Square,Sarah Nilmeier
246443662,crobb2,Clay Robbins
18567517,alokmenghrajani,alokmenghrajani
470791080,SalTesta14,Sal Testa
2984445138,TryCaviarBoston,Caviar Boston
18065786,christinetko,Christine Kuecherer
16663192,jjyuan,jjyuan
11637642,RoomieGunns,RoomieGunns
15965367,vickisnapples,Vicki Shan
344487436,mmcnierney,Matthew McNierney
781721798,slothcode,hari n
17118441,connorstack,cstack
185389565,MollySchoen,Molly Schoen
117684963,bryanponton,Bryan Ponton
195845918,ae_berger,Andrew Berger
18744772,jenplck,jenplck
14432726,antonioY,Antonio Silva
368035954,wmcc_,Will McChesney
8007942,rberidon,rayne o)))
404240393,devalapatel,Deval Patel
12279882,tyip,Timothy Yip
16419253,sofiabfigueroa,$ofia
360814833,ApertureHeart,DARK MACKENZIE
210223657,sdjen10,Jennifer Harrison
27708388,celiasm,Cecelia McElearney
23669044,aaronykng,Aaron Ng
169609014,rafekettler,Rafe Kettler
2831219701,alainamargaux,Alaina
102260889,m_druker,Michael Druker
190804912,BooMeyer,Devon Meyer
1705408351,B_haver007,Bryan Haver
5533322,ecin,ecin

35042689,BREUKELENGIRL,Janes Gregoire
32998956,HowieDave,Howard Cowan
11616582,brianpartridge,Brian Partridge
250832568,addie_claire,AC
937372776,WilsonKyi,Wilson  Kyi
96603155,ay_o,ayo
22112285,wade_burrell,Wade Burrell
111657614,ryantatar,Ryan Tatar
16694400,ashleyyang,Ashley Yang
19222662,MikeBSays,Mike Brenner
40338636,ericmonti,Eerie Monster
27856170,benpfisterer,Ben Pfisterer
407886071,bbernst,Ben Bernstein
2698665889,shireenzek,Shireen
2177591,marcbaumann,Marc Baumann
64923726,metaphysicaldev,Daniel Ribeiro
215619999,vicknincent,Nick Vincent
29137884,sentiental,Anthony Bishopric
10450692,mbulmer,Mike Bulmer
35991644,BadKittyDaddy,Syndrome Imposter
7363152,tienn,Tien Nguyen
2421573470,TianaMininfield,Tiana Mininfield
14197248,roysdon,give me the future
20165538,nerdrew,Andrew Ryan Lazarus
99745095,yunussasmaz,yunus
159481244,rsremis,Rebecca Remis
16216434,nehakarajgikar,Neha Karajgikar
191155242,mattkursmark,Matt Kursmark
23506808,Jckwhet,Wesley Whetstone
311828172,BMVock,Bryant Vock
5852392,kmatthews812,Kevin Matthews
1520289146,yin_chuck,Chuck Yin
35997607,statzula,Chris Statzula
2045,willemaw,Willem Av
282408091,owenbjennings,Owen B. Jennings
19942310,MarcDennert,Marc Dennert
320032887,kgrassadonia,Kevin Grassadonia
103633570,jaredmjenkins,Jared Jenkins
186975268,derektamsen,Derek Tamsen
1399531,echelon,Brandon Thomas
14279598,dinodaizovi,Dino A. Dai Zovi
43234968,bjm,Brian Martin
13980272,traviscj,Travis Johnson
2196365461,AugieSchott,Augie Schott
31073811,AnthonySancheX,Anthony Sanchez
8195912,cjereneta,Chris Ereneta
762229190,PaulGiudice1,Paul Giudice
55095133,KristiLynn_,Kristi Kucharski
41892378,JustinFedewa,Justin Fedewa
2326314684,dannygilli,Danny Gilliland
155637342,SportsLoaf,Ben Bussard
253808080,remusisawesome,David Remus
52725191,itsmonktastic,Tim Monks
1375514874,hiro_nakano_sf,Hiro Nakano
31665210,ClaudiaJNg,Claudia Ng
333720633,Bohs_ML,Michael Bohs
21602518,Connorhd,Connor Dunn
27119619,stipech,Kristopher Stipech
53191094,seansu4you87,Sean Yu
151138917,MeganLerner,Megan Lerner
25164104,marianne_s_,Marianne
44037996,DinaWestland,Dina Westland
25156224,bradseiler,Brad Seiler
61463309,adrianhills,Adrian Hills
260388997,x_hern,Xavier
15057367,stanleyyork,stanley stevens
3105902030,seeohellee,Cole
37008078,levonlloyd,Levon Lloyd
58507445,ghepting,Gary Hepting
44405343,ChristinaLay,Christina Lay
147273522,chrisbiettchert,Chris Biettchert
96180321,dan_shin,Dan Shin
36443369,esslevy,Sharon Smith
20942256,maniksurtani,Manik Surtani
72486097,doraengebretson,Dora Engebretson
1462843506,CVallis,Charlie Vallis
115227096,yangluo1983,Yang Luo
52629225,yunjingxu,Yunjing Xu
23962897,stouset,Stephen Touset
15730301,mcieri,Michael Cieri
410387040,mattprec,Matthew Precious
63141488,kmhengst,Kraig Hengst
1483551738,KFeker,khmiri feker
1887733963,jinyu889,Jin Yu
310754376,cytochrome,Cedric Staub
17223235,JMT3,Joe Taylor
19281398,daveterra,Dave Terra
386812594,krnlsndrs,Charlie Sanders
69536102,dennisjarosch,Dennis Jarosch
15855787,wesleyk,Wesley Kim
317459829,Miss_Burt,Alicia Burt
1692564259,kellen_holt,Kellen Holt
35324768,mycitySF,JK Lesure
287201133,DavidsonJohnR,John Davidson
70775167,gabughaida,Ghassan Abu-Ghaida
237064943,slobelle,al
388701357,qixin99,Xin Qi
611165328,SemontiStephens,Semonti Stephens
51599166,wiskinator,Imran
23969838,donovandak,David Donovan
23048812,GiantLilAnimals,Sergio Arreola
28621305,forumParmar,Forum Parmar
1903084531,jchristjans,Jessica Christjans
1597165928,eycATL,Eileen Y Caldwell
17241581,wmacura,Wiktor Macura
1584018762,MatthewMaibach,Matthew Maibach
251897724,rylandking,Ryland King
122244606,matthewdriscoll,Matt Driscoll
1870185884,RenkeC,Chris Renke
258018478,jrbinder,JR Binder
153956895,keedwards,Ken Edwards
63467479,shinowa,
55493184,elkhanzade,Sarkhan Elkhanzade
14349045,dreadpirateryan,Ryan Gerard
14539907,brockm,Mike Brock
2920889712,tweetsbystein,Benjamin Stein
386189805,SquaredLoss,Ken Van Haren
17431797,smithdc5,Darin Smith
40378559,hartgarfunkel,Alex Hart
1442938242,alanppaulin,Alan Paulin
1461351013,4ndypanda,Andy Mok
34536984,bradwharton,brad wharton
728145110,n1tcp,Nathan Watson
6083342,bascule,Tony Arcieri
1517029153,kuzmizzle,Horror Cot Verts
10423282,juanparker,Juan Parker
23796968,xunil,Robert Liesenfeld
14441051,ameenbee,Ameen B
26845865,braaschie,K Braasch
96430095,prangarang,joe prang
14578514,dmobley, \_()_/ 
24466901,ryanhall07,Ryan Hall
45265309,brianboates,Brian Boates
14239945,iamtheneal,Neal Harris
16315003,SamFiber,Sam Fiber Halstead
7180232,gianp,Gian Perrone
517440203,amrikitiki,Amrik Kochhar
21820977,miata_life,Jordan Lebrecht
631463796,MeravBloch,Merav Bloch
319382479,jkingdon2000,Jim Kingdon
14662548,marlonmolinare,marlonmolinare
44663,sltsim,Harris Tsim
44762961,AM119,Alla
49901543,chadcarsten,Chad Liffmann
8716502,Piwai,Pierre-Yves Ricau
15061749,vespug,kenny lipscomb
14792593,urthstripe,Mychal Stanley
27215736,__jochen__,Jochen Bekmann
27264585,pwesten,Peter Westen
40570981,jeeyoungk,Jeeyoung Kim
1113830581,lamfalus,Michael Lamfalusi
112278443,melissarsims,Melissa Sims
887051,markjen,Mark Jen
25327548,captainjkai,J-kai Hsu
296443525,ThomasLotze,Thomas Lotze
125532995,michael_zhang_,Michael Caoxie Zhang
113736260,barlow_vo,Stephen Barlow
22118270,grierj,GrierJ
551324154,garrett_spitzer,garrett spitzer
17144093,jeffaugust,Jeff August
197404737,tvollebregt,Tobi Vollebregt
13269942,jarefff,jared marr
158210212,minamish,Joe Minami
7141,Hello_World,Thomas Petersen
8268332,trvsss,Travis Schmeisser
14413521,dsimms,dsimms
